protectedDiv(a, add(a, add(b, c)))
protectedDiv(a, add(a, add(b, c)))
protectedDiv(a, add(a, add(b, c)))
protectedDiv(a, add(a, add(b, c)))
protectedDiv(a, add(a, add(b, c)))
protectedDiv(a, add(a, add(b, c)))
protectedDiv(a, add(a, add(b, c)))
protectedDiv(a, add(a, add(b, c)))
protectedDiv(a, add(a, add(b, c)))
protectedDiv(a, add(a, add(b, c)))
protectedDiv(a, add(a, add(b, c)))
protectedDiv(a, add(a, add(b, c)))
protectedDiv(a, add(a, add(b, c)))
protectedDiv(a, add(a, add(b, c)))
protectedDiv(a, add(a, add(b, c)))
protectedDiv(a, add(a, add(b, c)))
protectedDiv(a, add(a, add(b, c)))
protectedDiv(a, add(a, add(b, c)))
protectedDiv(a, add(b, add(protectedDiv(protectedDiv(c, b), protectedDiv(c, c)), c)))
protectedDiv(a, add(b, add(protectedDiv(protectedDiv(c, b), protectedDiv(c, c)), c)))
protectedDiv(a, add(b, add(protectedDiv(protectedDiv(c, b), protectedDiv(c, c)), c)))
protectedDiv(a, add(b, add(protectedDiv(protectedDiv(c, b), protectedDiv(c, c)), c)))
protectedDiv(a, add(b, add(protectedDiv(protectedDiv(c, b), protectedDiv(c, c)), c)))
protectedDiv(a, add(b, add(protectedDiv(protectedDiv(c, b), protectedDiv(c, c)), c)))
protectedDiv(a, add(b, add(protectedDiv(protectedDiv(c, b), protectedDiv(c, c)), c)))
protectedDiv(a, add(b, add(protectedDiv(protectedDiv(c, b), protectedDiv(c, c)), c)))
protectedDiv(a, add(b, add(protectedDiv(protectedDiv(c, b), protectedDiv(c, c)), c)))
protectedDiv(a, add(b, add(protectedDiv(protectedDiv(c, b), protectedDiv(c, c)), c)))
protectedDiv(a, add(b, add(protectedDiv(protectedDiv(c, b), protectedDiv(c, c)), c)))
protectedDiv(a, add(b, add(protectedDiv(protectedDiv(c, b), protectedDiv(c, c)), c)))
protectedDiv(a, add(b, add(protectedDiv(protectedDiv(c, b), protectedDiv(c, c)), c)))
protectedDiv(a, add(b, add(protectedDiv(protectedDiv(c, b), protectedDiv(c, c)), c)))
protectedDiv(a, add(b, add(protectedDiv(protectedDiv(c, b), protectedDiv(c, c)), c)))
protectedDiv(a, add(b, add(protectedDiv(protectedDiv(c, b), protectedDiv(c, c)), c)))
protectedDiv(a, add(b, add(protectedDiv(protectedDiv(c, b), protectedDiv(c, c)), c)))
protectedDiv(a, add(b, add(protectedDiv(protectedDiv(c, b), protectedDiv(c, c)), c)))
protectedDiv(a, add(b, add(protectedDiv(protectedDiv(c, b), protectedDiv(c, c)), c)))
protectedDiv(a, add(b, add(protectedDiv(protectedDiv(c, b), protectedDiv(c, c)), c)))
protectedDiv(a, add(b, add(protectedDiv(protectedDiv(c, b), protectedDiv(c, c)), c)))
protectedDiv(a, add(b, add(protectedDiv(protectedDiv(c, b), protectedDiv(c, c)), c)))
protectedDiv(a, add(b, add(protectedDiv(protectedDiv(c, b), protectedDiv(c, c)), c)))
protectedDiv(a, add(b, add(protectedDiv(protectedDiv(c, b), protectedDiv(c, c)), c)))
protectedDiv(a, add(b, add(protectedDiv(protectedDiv(c, b), protectedDiv(c, c)), c)))
protectedDiv(a, add(b, add(protectedDiv(protectedDiv(c, b), protectedDiv(c, c)), c)))
protectedDiv(a, add(b, add(protectedDiv(protectedDiv(c, b), protectedDiv(c, c)), c)))
protectedDiv(a, add(b, add(protectedDiv(protectedDiv(c, b), protectedDiv(c, c)), c)))
protectedDiv(a, add(b, add(protectedDiv(protectedDiv(c, b), protectedDiv(c, c)), c)))
protectedDiv(a, add(b, add(protectedDiv(protectedDiv(c, b), protectedDiv(c, c)), c)))
protectedDiv(a, add(b, add(protectedDiv(protectedDiv(c, b), protectedDiv(c, c)), c)))
protectedDiv(a, add(b, add(protectedDiv(protectedDiv(c, b), protectedDiv(c, c)), c)))
protectedDiv(a, add(b, add(protectedDiv(protectedDiv(c, b), protectedDiv(c, c)), c)))
protectedDiv(a, add(b, add(protectedDiv(protectedDiv(c, b), protectedDiv(c, c)), c)))
protectedDiv(a, add(b, add(protectedDiv(protectedDiv(c, b), protectedDiv(c, c)), c)))
protectedDiv(a, add(b, add(protectedDiv(protectedDiv(c, b), protectedDiv(c, c)), c)))
protectedDiv(a, add(b, add(protectedDiv(protectedDiv(c, b), protectedDiv(c, c)), c)))
protectedDiv(a, add(b, add(protectedDiv(protectedDiv(c, b), protectedDiv(c, c)), c)))
protectedDiv(a, add(b, add(protectedDiv(protectedDiv(c, b), protectedDiv(c, c)), c)))
protectedDiv(a, add(b, add(protectedDiv(protectedDiv(c, b), protectedDiv(c, c)), c)))
protectedDiv(a, add(b, add(protectedDiv(protectedDiv(c, b), protectedDiv(c, c)), c)))
protectedDiv(a, add(b, add(protectedDiv(protectedDiv(c, b), protectedDiv(c, c)), c)))
protectedDiv(a, add(b, add(protectedDiv(protectedDiv(c, b), protectedDiv(c, c)), c)))
protectedDiv(a, add(b, add(protectedDiv(protectedDiv(c, b), protectedDiv(c, c)), c)))
protectedDiv(a, add(b, add(protectedDiv(protectedDiv(c, b), protectedDiv(c, c)), c)))
protectedDiv(a, add(b, add(protectedDiv(protectedDiv(c, b), protectedDiv(c, c)), c)))
protectedDiv(a, add(b, add(protectedDiv(protectedDiv(c, b), protectedDiv(c, c)), c)))
protectedDiv(a, add(b, add(protectedDiv(protectedDiv(c, b), protectedDiv(c, c)), c)))
protectedDiv(a, add(b, add(protectedDiv(protectedDiv(c, b), protectedDiv(c, c)), c)))
protectedDiv(a, add(b, add(protectedDiv(protectedDiv(c, b), protectedDiv(c, c)), c)))
protectedDiv(a, add(b, add(protectedDiv(protectedDiv(c, b), protectedDiv(c, c)), c)))
protectedDiv(a, add(b, add(protectedDiv(protectedDiv(c, b), protectedDiv(c, c)), c)))
protectedDiv(a, add(b, add(protectedDiv(protectedDiv(c, b), protectedDiv(c, c)), c)))
protectedDiv(a, add(b, add(protectedDiv(protectedDiv(c, b), protectedDiv(c, c)), c)))
protectedDiv(a, add(b, add(protectedDiv(protectedDiv(c, b), protectedDiv(c, c)), c)))
protectedDiv(a, add(b, add(protectedDiv(protectedDiv(c, b), protectedDiv(c, c)), c)))
protectedDiv(a, add(b, add(protectedDiv(protectedDiv(c, b), protectedDiv(c, c)), c)))
protectedDiv(a, add(b, add(protectedDiv(protectedDiv(c, b), protectedDiv(c, c)), c)))
protectedDiv(a, add(b, add(protectedDiv(protectedDiv(c, b), protectedDiv(c, c)), c)))
protectedDiv(a, add(b, add(protectedDiv(protectedDiv(c, b), protectedDiv(c, c)), c)))
protectedDiv(a, add(b, add(protectedDiv(protectedDiv(c, b), protectedDiv(c, c)), c)))
protectedDiv(a, add(b, add(protectedDiv(protectedDiv(c, b), protectedDiv(c, c)), c)))
protectedDiv(a, add(b, add(protectedDiv(protectedDiv(c, b), protectedDiv(c, c)), c)))
protectedDiv(a, add(b, add(protectedDiv(protectedDiv(c, b), protectedDiv(c, c)), c)))
protectedDiv(a, add(b, add(protectedDiv(protectedDiv(c, b), protectedDiv(c, c)), c)))
protectedDiv(a, add(b, add(protectedDiv(protectedDiv(c, b), protectedDiv(c, c)), c)))
protectedDiv(a, add(b, add(protectedDiv(protectedDiv(c, b), protectedDiv(c, c)), c)))
protectedDiv(a, add(b, add(protectedDiv(protectedDiv(c, b), protectedDiv(c, c)), c)))
protectedDiv(a, add(b, add(protectedDiv(protectedDiv(c, b), protectedDiv(c, c)), c)))
protectedDiv(a, add(b, add(protectedDiv(protectedDiv(c, b), protectedDiv(c, c)), c)))
protectedDiv(a, add(b, add(protectedDiv(protectedDiv(c, b), protectedDiv(c, c)), c)))
protectedDiv(a, add(b, add(protectedDiv(protectedDiv(c, b), protectedDiv(c, c)), c)))
protectedDiv(a, add(b, add(protectedDiv(protectedDiv(c, b), protectedDiv(c, c)), c)))
protectedDiv(a, add(b, add(protectedDiv(protectedDiv(c, b), protectedDiv(c, c)), c)))
protectedDiv(a, add(b, add(protectedDiv(protectedDiv(c, b), protectedDiv(c, c)), c)))
protectedDiv(a, add(b, add(protectedDiv(protectedDiv(c, b), protectedDiv(c, c)), c)))
protectedDiv(a, add(b, add(protectedDiv(protectedDiv(c, b), protectedDiv(c, c)), c)))
protectedDiv(a, add(b, add(protectedDiv(protectedDiv(c, b), protectedDiv(c, c)), c)))
protectedDiv(a, add(b, add(protectedDiv(protectedDiv(c, b), protectedDiv(c, c)), c)))
protectedDiv(a, add(b, add(protectedDiv(protectedDiv(c, b), protectedDiv(c, c)), c)))
protectedDiv(a, add(b, add(protectedDiv(protectedDiv(c, b), protectedDiv(c, c)), c)))
protectedDiv(a, add(b, add(protectedDiv(protectedDiv(c, b), protectedDiv(c, c)), c)))
protectedDiv(a, add(b, add(protectedDiv(protectedDiv(c, b), protectedDiv(c, c)), c)))
